city,population,dining_access_rate,hotel_access_rate,attraction_access_rate,healthcare_density,essential_density,transit_density,bench_density,toilet_density,parking_density,tag_coverage_pct,pct_paved_streets,pct_good_smoothness,mobility_score,mobility_cluster,pca_x,pca_y,top_factors
"Bangkok, Thailand",5676648,83.33,90.91,50.0,1.97,3.14,7.46,0.82,0.31,7.46,2.4,23.36,0.0,58.8,1,-0.8215209298729776,0.41958395071165877,"[('parking_density', 7.71), ('bench_density', -7.17), ('healthcare_density', -1.98)]"
"London, United Kingdom",8799728,70.08,70.59,92.04,7.46,4.43,0.0,2.49,0.41,7.46,19.91,76.47,6.87,74.1,2,0.4466995867613108,0.11296109203521791,"[('parking_density', 8.11), ('bench_density', 2.82), ('healthcare_density', 2.64)]"
"Singapore, Singapore",5866139,77.78,87.18,93.06,2.96,3.16,7.46,1.59,0.17,7.46,13.46,58.37,13.5,80.0,1,-0.3939674786566928,0.160553960875374,"[('parking_density', 8.1), ('bench_density', 1.02), ('healthcare_density', -0.51)]"
"Paris, France",2103778,62.03,69.28,78.12,9.08,6.21,0.0,3.03,0.61,3.03,23.05,61.0,27.47,77.2,2,0.7936579073968681,-0.23042593505967202,"[('parking_density', -11.94), ('bench_density', 3.06), ('healthcare_density', 2.0)]"
"Dubai, United Arab Emirates",3944751,100.0,100.0,94.12,1.65,3.53,2.47,0.36,0.09,7.46,16.24,57.35,0.0,74.0,1,-1.0158172332775093,0.6204731949954527,"[('bench_density', -8.73), ('parking_density', 7.73), ('healthcare_density', -1.98)]"
"New York City, United States",8804190,80.0,95.92,97.96,7.46,4.5,7.46,2.49,0.51,7.46,15.8,81.53,2.2,90.9,2,0.45448408995898726,0.1188792993989025,"[('parking_density', 8.16), ('bench_density', 2.83), ('healthcare_density', 2.64)]"
"Kuala Lumpur, Malaysia",9000280,85.71,93.75,0.0,4.24,4.06,7.46,0.98,0.12,7.46,2.05,26.88,1.58,49.4,1,-0.5059082311493641,0.5356781509562104,"[('parking_density', 7.22), ('bench_density', -7.17), ('essential_density', 0.28)]"
"Istanbul, Turkey",15655924,71.43,68.97,66.67,7.46,5.0,7.46,2.49,0.11,6.02,4.51,28.99,6.06,56.7,2,0.44335563428848695,0.046566286500846335,"[('parking_density', -3.89), ('bench_density', 3.0), ('healthcare_density', 2.22)]"
"Delhi, India",26495000,26.26,40.0,100.0,1.95,1.33,6.65,2.49,0.23,1.53,11.48,30.46,12.64,53.2,1,-0.5062912262193228,-0.8678710142921198,"[('parking_density', -17.03), ('bench_density', 2.72), ('healthcare_density', -1.48)]"
"Antalya, Turkey",2426356,78.95,54.55,100.0,2.41,3.22,3.79,2.62,0.03,2.42,4.84,43.06,4.17,60.0,2,-0.16533418763531596,-0.6681556554580401,"[('parking_density', -13.4), ('bench_density', 2.86), ('healthcare_density', -1.35)]"
"Los Angeles, United States",3898747,96.15,100.0,100.0,0.98,1.3,7.46,0.92,0.11,7.46,4.16,17.91,0.45,67.3,1,-1.0385958660958206,0.1800435480210218,"[('parking_density', 7.81), ('bench_density', -6.76), ('healthcare_density', -1.72)]"
"Shenzhen, China",17494398,80.0,100.0,66.67,0.37,0.54,7.46,1.01,0.17,4.27,1.63,11.95,3.1,58.4,1,-1.2651467460054855,-0.2010395438489797,"[('parking_density', -7.52), ('bench_density', -3.45), ('healthcare_density', -2.14)]"
"Mumbai, India",15414288,36.36,66.67,0.0,2.28,0.91,4.71,1.97,0.11,1.87,2.33,19.64,0.0,28.9,1,-0.76404806164947,-0.655514205253826,"[('parking_density', -17.03), ('bench_density', 2.07), ('healthcare_density', -1.85)]"
"Phuket, Thailand",77610,40.0,33.33,0.0,0.61,1.31,0.6,0.27,0.1,1.5,4.29,7.69,0.0,14.9,1,-1.6445414668950054,-0.052414555112551935,"[('parking_density', -20.2), ('bench_density', -5.49), ('essential_density', -1.37)]"
"Rome, Italy",2748109,79.49,70.0,84.85,3.04,4.05,7.46,2.49,0.07,7.46,8.52,24.87,3.87,58.8,2,0.136960873501729,-0.11719906132090462,"[('parking_density', 7.53), ('bench_density', 2.68), ('healthcare_density', -0.68)]"
"Tokyo, Japan",14264798,55.17,93.94,89.29,7.46,5.18,7.46,2.49,1.6,7.46,14.8,33.33,3.07,86.4,2,0.5301049781649877,0.17637045664612444,"[('parking_density', 8.32), ('bench_density', 2.86), ('healthcare_density', 2.65)]"
"Pattaya, Thailand",119532,50.0,88.24,0.0,3.34,5.39,0.39,0.2,0.32,4.52,3.39,45.45,0.0,42.8,1,-0.9188758513643367,0.6828931137660994,"[('parking_density', -8.97), ('bench_density', -6.22), ('essential_density', 1.19)]"
"Taipei, Taiwan",2442991,66.1,80.74,72.55,7.82,4.6,0.0,2.61,0.89,7.46,16.07,36.69,1.3,64.1,2,0.544338867036037,0.09591883100418248,"[('parking_density', 8.03), ('bench_density', 2.7), ('healthcare_density', 2.67)]"
"Guangzhou, China",18676605,66.67,81.82,50.0,0.99,1.67,7.46,1.08,0.07,2.66,3.8,8.57,0.0,45.3,1,-1.143353069988386,-0.23357208827653625,"[('parking_density', -11.35), ('bench_density', -1.12), ('essential_density', -1.06)]"
"Prague, Czech Republic",1397880,48.33,67.01,62.5,4.56,6.34,13.67,4.36,0.29,13.67,13.82,39.32,19.54,70.0,4,1.6588366178541614,-0.1022360364940794,"[('parking_density', 15.78), ('bench_density', 3.71), ('essential_density', 0.64)]"
"Medina, Saudi Arabia",1411599,0.0,100.0,100.0,0.4,0.8,0.17,0.29,0.34,1.34,0.84,10.73,0.38,42.9,1,-1.7118887371228515,-0.12559755665235103,"[('parking_density', -22.77), ('bench_density', -5.36), ('healthcare_density', -2.25)]"
"Seoul, South Korea",9668465,100.0,100.0,100.0,4.38,4.76,7.46,2.49,0.33,7.46,1.63,13.96,0.45,70.2,2,0.2970091935096163,0.0028655461255437664,"[('parking_density', 7.57), ('bench_density', 2.63), ('essential_density', 0.56)]"
"Amsterdam, Netherlands",921468,66.14,54.25,88.43,4.97,5.17,19.1,2.34,0.13,19.1,30.7,71.2,10.53,85.0,0,0.8465404379722066,1.0496302923203507,"[('parking_density', 16.81), ('bench_density', 3.24), ('essential_density', 1.1)]"
"Agra, India",1585705,100.0,100.0,100.0,0.31,0.35,0.31,1.42,0.0,0.1,1.39,0.0,0.0,52.7,1,-1.288578398680383,-0.7140566254224159,"[('parking_density', -26.24), ('healthcare_density', -2.4), ('essential_density', -1.46)]"
"Miami, United States",442241,100.0,100.0,100.0,0.64,0.6,12.92,0.83,0.01,9.47,2.27,29.41,0.0,75.6,1,-1.086580730338742,0.3012293473470472,"[('parking_density', 10.11), ('bench_density', -7.69), ('healthcare_density', -1.88)]"
"Osaka, Japan",2751862,53.85,94.87,87.5,7.46,5.02,7.46,2.49,1.04,7.46,4.48,27.27,0.17,73.8,2,0.5123118279988699,0.16284312552913105,"[('parking_density', 8.28), ('bench_density', 2.85), ('healthcare_density', 2.63)]"
"Las Vegas, United States",641903,100.0,100.0,0.0,0.78,1.12,9.37,0.79,0.14,19.1,5.0,72.22,2.78,70.9,0,-0.5929929778364794,1.1336071993917118,"[('parking_density', 13.36), ('bench_density', -9.73), ('healthcare_density', -2.04)]"
"Shanghai, China",24870895,66.67,76.92,57.14,1.46,3.43,7.46,1.75,0.16,2.47,9.07,17.21,0.0,49.9,1,-0.6100292324053226,-0.34428895281008665,"[('parking_density', -13.22), ('healthcare_density', -1.35), ('bench_density', 1.34)]"
"Ho Chi Minh City, Vietnam",14002598,31.67,57.14,0.0,1.9,3.58,7.46,2.23,0.06,1.36,6.03,14.19,0.0,26.5,1,-0.39036704267138683,-0.590397717732135,"[('parking_density', -27.05), ('bench_density', 1.88), ('healthcare_density', -1.75)]"
"Barcelona, Spain",1731649,73.44,92.44,85.71,9.52,7.44,11.03,3.68,0.1,11.03,12.67,64.07,8.6,81.1,4,1.6362736010373788,0.2723353064460923,"[('parking_density', 15.01), ('bench_density', 3.6), ('healthcare_density', 2.86)]"
"Cairo, Egypt",9801536,75.0,52.38,0.0,1.15,1.43,0.8,0.57,0.02,0.82,4.78,1.91,0.0,22.2,1,-1.4876595154883319,-0.19104606525372475,"[('parking_density', -23.94), ('bench_density', -5.17), ('essential_density', -1.43)]"
"Milan, Italy",1354196,61.7,72.22,91.18,6.8,6.49,14.11,4.7,0.08,14.11,17.87,45.53,8.47,72.9,4,1.9928171925524218,-0.08889048654379017,"[('parking_density', 15.98), ('bench_density', 3.7), ('healthcare_density', 1.84)]"
"Chennai, India",6599000,46.15,100.0,0.0,3.9,0.73,2.81,0.96,0.06,0.57,2.4,2.6,0.0,28.8,1,-1.2255892675239115,-0.3014304571716681,"[('parking_density', -24.23), ('bench_density', -3.43), ('essential_density', -0.93)]"
"Vienna, Austria",2028289,53.02,81.61,84.29,9.42,5.27,3.14,3.14,0.78,9.42,31.21,71.12,30.04,89.4,2,1.0580246668120525,0.17022693473383244,"[('parking_density', 11.93), ('bench_density', 3.26), ('healthcare_density', 2.66)]"
"Johor Bahru, Malaysia",797882,88.89,0.0,0.0,0.85,1.36,6.54,0.71,0.03,5.08,1.92,34.62,0.0,31.6,1,-1.2497433694076392,0.0731094625926401,"[('parking_density', -7.97), ('bench_density', -6.12), ('essential_density', -1.31)]"
"Jaipur, India",3073350,0.0,66.67,0.0,2.07,0.19,1.39,0.96,0.03,0.45,2.29,6.98,2.33,14.3,1,-1.4019461277847787,-0.43862495820125946,"[('parking_density', -23.74), ('bench_density', -3.37), ('healthcare_density', -1.76)]"
"Cancun, Mexico",888797,65.85,72.73,0.0,0.76,1.55,1.13,4.34,0.0,1.43,26.67,6.9,0.0,26.0,3,0.31948020201931493,-1.6435211787820223,"[('parking_density', -26.82), ('bench_density', 2.39), ('healthcare_density', -1.26)]"
"Berlin, Germany",3782202,63.74,73.84,77.06,7.46,5.01,0.0,2.49,1.05,7.46,53.94,64.94,42.64,93.3,2,0.5111997561134876,0.16199766733431897,"[('parking_density', 8.32), ('bench_density', 2.86), ('healthcare_density', 2.65)]"
"Athens, Greece",643452,39.81,50.79,64.71,15.95,12.16,19.1,6.37,0.11,10.06,17.17,51.44,4.42,65.6,4,3.7819292531061772,-0.18349370006740193,"[('parking_density', 11.86), ('bench_density', 3.22), ('healthcare_density', 2.62)]"
"Orlando, United States",334854,92.31,100.0,100.0,0.61,0.52,7.58,1.06,0.03,7.04,12.0,0.0,0.0,59.4,1,-1.1007520944871556,0.008631030316025523,"[('bench_density', -2.96), ('parking_density', -1.5), ('healthcare_density', -1.4)]"
"Moscow, Russia",13274285,31.48,34.48,46.43,7.46,5.03,7.46,2.34,0.65,7.46,6.24,72.76,31.34,73.0,2,0.4422384519302813,0.22311910114999878,"[('parking_density', 8.26), ('bench_density', 2.83), ('healthcare_density', 2.65)]"
"Venice, Italy",250369,75.0,44.93,50.0,0.64,0.93,4.41,0.55,0.11,1.53,20.81,47.6,3.13,51.3,1,-1.5507149696633764,-0.19174761202257576,"[('parking_density', -13.7), ('bench_density', -5.64), ('healthcare_density', -0.74)]"
"Madrid, Spain",3332035,54.81,92.11,78.33,7.46,5.02,7.46,2.49,0.15,7.46,17.8,56.13,14.67,73.4,2,0.5123118279988699,0.16284312552913105,"[('parking_density', 8.28), ('bench_density', 2.85), ('healthcare_density', 2.63)]"
"Riyadh, Saudi Arabia",7009100,100.0,100.0,0.0,0.28,0.44,1.31,0.43,0.0,2.08,2.43,6.25,0.0,37.6,1,-1.6584526145295118,-0.15799455666214962,"[('parking_density', -12.5), ('bench_density', -5.97), ('healthcare_density', -2.22)]"
"Florence, Italy",360930,63.96,55.13,68.18,2.3,2.22,15.1,4.39,0.13,8.43,21.08,52.42,8.94,70.1,3,0.835303793154613,-0.9806729173200169,"[('parking_density', 8.6), ('bench_density', 3.11), ('healthcare_density', -2.03)]"
"Jerusalem, Israel",1050151,55.56,66.67,75.0,0.9,2.34,18.19,6.06,0.08,6.36,4.05,19.59,0.0,59.8,3,1.4605304884227943,-1.8596297463332212,"[('bench_density', 3.19), ('parking_density', -2.91), ('healthcare_density', -1.69)]"
"Hanoi, Vietnam",8717600,60.0,50.0,0.0,2.06,3.34,6.63,1.55,0.17,3.34,0.86,47.26,1.91,42.9,1,-0.6383250300404565,-0.1765461190711252,"[('parking_density', -10.92), ('healthcare_density', -2.04), ('essential_density', 0.2)]"
"Toronto, Canada",2794356,70.59,85.0,85.71,6.39,3.61,7.46,2.49,0.24,7.46,12.45,67.2,1.79,75.6,2,0.29075775090925476,-0.0043065328556609606,"[('parking_density', 8.18), ('bench_density', 2.79), ('healthcare_density', 1.13)]"
"Johannesburg, South Africa",4949347,100.0,100.0,0.0,0.5,0.77,0.9,0.91,0.05,2.37,2.94,46.0,0.0,50.8,1,-1.3672082322207615,-0.28733892704432945,"[('parking_density', -10.13), ('bench_density', -3.98), ('healthcare_density', -1.25)]"
"Sydney, Australia",5450496,89.36,95.65,62.96,3.11,2.67,7.46,2.49,0.82,7.46,6.57,65.8,6.98,88.2,2,-0.012268938374915737,-0.23073602706091645,"[('parking_density', 7.88), ('bench_density', 2.68), ('healthcare_density', -0.41)]"
"Beijing, China",21893095,58.33,92.31,92.86,1.1,2.29,7.46,1.86,0.31,3.46,3.14,10.05,0.34,58.0,1,-0.6605101810325614,-0.4216051082483629,"[('parking_density', -10.13), ('bench_density', 1.99), ('healthcare_density', -1.31)]"
"Saint Petersburg, Russia",5652922,26.98,51.16,98.59,7.46,5.01,7.46,2.49,0.5,7.46,14.06,61.36,9.09,68.8,2,0.5111997561134876,0.16199766733431897,"[('parking_density', 8.32), ('bench_density', 2.86), ('healthcare_density', 2.65)]"
"Brussels, Belgium",195546,44.68,69.57,88.89,8.15,9.0,19.1,5.77,0.17,19.1,11.97,55.93,11.47,80.1,4,3.0926782287182215,0.15693899423994145,"[('parking_density', 17.23), ('bench_density', 3.83), ('healthcare_density', 2.63)]"
"Budapest, Hungary",1685209,54.67,82.09,69.52,6.61,5.86,11.34,3.78,0.42,11.34,21.8,74.34,36.05,93.7,4,1.3462880619984368,-0.006578652911847435,"[('parking_density', 15.04), ('bench_density', 3.69), ('healthcare_density', 1.95)]"
"Lima, Peru",9943800,96.43,70.18,86.84,4.37,3.23,5.0,2.49,0.12,7.46,12.12,20.53,0.15,57.5,2,0.1262570367166696,-0.12693759555842787,"[('parking_density', 7.68), ('bench_density', 2.65), ('healthcare_density', -0.51)]"
"Lisbon, Portugal",545796,64.71,91.07,73.68,6.58,7.33,19.1,1.86,0.19,19.1,8.0,17.48,3.65,69.6,0,0.9563850228028662,1.4945610164764316,"[('parking_density', 16.22), ('bench_density', 1.92), ('essential_density', 0.72)]"
"Dammam, Saudi Arabia",903312,0.0,100.0,0.0,0.1,1.11,0.17,0.43,0.0,1.07,1.72,0.0,0.0,15.6,1,-1.6416417664993452,-0.18978283237057975,"[('parking_density', -24.09), ('bench_density', -5.35), ('healthcare_density', -2.34)]"
"Penang, Malaysia",794313,0.0,0.0,33.33,0.29,0.38,1.44,0.33,0.09,1.25,4.0,36.69,2.51,18.3,1,-1.7504404649329819,-0.18904497563460204,"[('parking_density', -23.5), ('bench_density', -5.35), ('healthcare_density', -2.42)]"
"Heraklion, Greece",145440,79.37,50.0,77.78,0.84,1.08,5.22,1.15,0.03,3.58,43.72,62.73,8.7,65.1,1,-1.142188445216579,-0.24470125860485464,"[('parking_density', -8.68), ('healthcare_density', -0.78), ('bench_density', -0.59)]"
"Kyoto, Japan",1463723,71.43,88.46,66.67,3.94,5.69,13.05,3.09,1.71,13.05,3.19,30.63,3.04,91.0,2,0.9175968146999335,0.2688736077177535,"[('parking_density', 16.49), ('bench_density', 3.64), ('essential_density', 1.18)]"
"Zhuhai, China",2439585,0.0,0.0,0.0,0.28,0.41,3.95,0.76,0.07,7.83,0.0,4.94,0.0,3.2,1,-1.2387160619419193,0.16626988539685456,"[('bench_density', -8.72), ('parking_density', 7.5), ('healthcare_density', -3.16)]"
"Vancouver, Canada",662248,86.81,93.55,90.0,7.72,3.06,15.65,2.46,0.14,19.1,14.78,56.15,11.07,88.6,0,0.8352601691173059,0.9469046156477925,"[('parking_density', 17.4), ('bench_density', 3.43), ('healthcare_density', 2.64)]"
"Chiang Mai, Thailand",1198000,48.39,62.07,75.0,0.91,4.2,1.92,0.81,0.34,15.95,5.97,61.9,4.76,60.5,0,-0.3790927450383029,1.1412520410420142,"[('parking_density', 12.85), ('bench_density', -9.47), ('healthcare_density', -2.31)]"
"Copenhagen, Denmark",667099,50.81,68.18,78.26,2.52,6.32,18.26,6.37,0.89,19.1,21.72,65.32,18.01,95.6,4,2.738680615773637,-0.5596111968315833,"[('parking_density', 17.18), ('bench_density', 3.83), ('healthcare_density', -1.28)]"
"San Francisco, United States",873965,94.93,86.27,75.0,3.65,4.09,19.1,2.46,0.41,19.1,16.2,56.37,0.64,89.3,0,0.7035041332272404,0.8516353934804552,"[('parking_density', 17.22), ('bench_density', 3.33), ('essential_density', 1.02)]"
"Melbourne, Australia",5350705,70.67,94.29,72.73,3.96,2.65,7.46,2.49,0.44,7.46,10.43,63.27,0.54,76.4,2,0.0369453758572142,-0.19434372384414386,"[('parking_density', 7.85), ('bench_density', 2.67), ('essential_density', 0.38)]"
"Warsaw, Poland",1862402,75.44,92.0,93.44,10.11,5.24,10.26,1.76,0.35,10.26,29.21,53.51,24.8,89.8,2,0.4804652838425789,0.8122077222378314,"[('parking_density', 14.57), ('healthcare_density', 2.88), ('bench_density', 2.06)]"
"Marrakesh, Morocco",1002697,81.82,47.62,80.0,3.37,0.95,3.8,0.83,0.01,2.21,4.47,22.22,2.02,47.6,1,-1.2188907421905597,-0.12456930185291795,"[('parking_density', -11.83), ('bench_density', -4.03), ('essential_density', -0.62)]"
"Kolkata, India",4496694,42.86,9.09,100.0,2.15,0.24,2.96,2.49,0.01,0.19,8.29,8.57,0.0,30.4,1,-0.6775017749420059,-1.0576937668720559,"[('parking_density', -27.49), ('bench_density', 2.17), ('healthcare_density', -1.93)]"
"Cebu City, Philippines",965332,71.43,83.33,0.0,2.23,3.51,4.04,1.57,0.04,7.21,2.0,14.55,0.0,35.2,1,-0.4202983391151238,0.145468912263219,"[('parking_density', -2.97), ('healthcare_density', -2.56), ('bench_density', -0.54)]"
"Auckland, New Zealand",1470100,90.2,90.0,80.0,3.21,2.29,10.62,3.06,0.75,12.99,7.19,52.38,2.51,86.2,2,0.4782982239487752,-0.04417725355015175,"[('parking_density', 16.84), ('bench_density', 3.66), ('healthcare_density', -0.11)]"
"Tel Aviv, Israel",467875,90.91,92.31,100.0,1.53,3.83,15.06,6.21,0.29,10.52,8.42,38.94,2.74,83.5,3,1.9283210996571651,-1.433834607701862,"[('parking_density', 14.68), ('bench_density', 3.59), ('healthcare_density', -2.56)]"
"Guilin, China",5085500,0.0,0.0,0.0,0.13,0.08,1.42,0.28,0.04,0.41,0.0,4.81,0.0,0.0,1,-1.8561406665483533,-0.26860894325305507,"[('parking_density', -23.59), ('bench_density', -5.35), ('healthcare_density', -2.42)]"
"Honolulu, United States",350964,91.43,95.45,100.0,0.69,1.4,11.62,1.09,0.34,19.1,9.53,29.63,0.0,77.1,0,-0.42493049410284395,1.0343866530948385,"[('parking_density', 15.04), ('bench_density', -3.63), ('healthcare_density', -2.11)]"
"Hurghada, Egypt",214247,78.95,100.0,0.0,0.53,0.74,0.1,0.11,0.01,0.2,7.3,66.67,62.96,80.2,1,-1.848946187232646,-0.14424304792183984,"[('parking_density', -23.31), ('bench_density', -5.27), ('healthcare_density', -0.93)]"
"Krakow, Poland",804237,57.73,76.92,95.24,8.23,7.95,17.79,1.94,0.32,19.1,14.27,60.78,31.05,96.4,0,1.1631501762972503,1.5892093984184001,"[('parking_density', 17.09), ('bench_density', 2.79), ('healthcare_density', 2.69)]"
"Buenos Aires, Argentina",13985794,100.0,83.33,100.0,5.15,4.98,7.46,2.49,0.03,5.58,2.65,49.5,4.68,75.6,2,0.2809495678230769,-0.09363374489333431,"[('parking_density', -3.56), ('bench_density', 2.93), ('essential_density', 0.76)]"
"Chiba, Japan",975014,12.5,50.0,0.0,2.56,2.6,6.28,5.78,0.23,4.97,2.49,3.7,0.0,19.6,3,1.3926061724110592,-1.7629438244734954,"[('parking_density', -11.33), ('bench_density', 3.14), ('healthcare_density', -1.23)]"
"Frankfurt, Germany",775790,54.58,67.63,86.15,6.94,3.81,19.1,4.62,0.22,19.1,53.85,58.74,30.3,91.2,4,1.8965336613613897,0.11956757486115975,"[('parking_density', 17.66), ('bench_density', 4.05), ('healthcare_density', 2.57)]"
"Stockholm, Sweden",984748,74.26,87.5,100.0,4.01,3.53,17.94,6.37,0.33,19.1,12.28,46.14,17.74,92.1,4,2.518581150839386,-0.7287363894035309,"[('parking_density', 17.5), ('bench_density', 3.99), ('essential_density', 1.04)]"
"Da Nang, Vietnam",2819900,60.0,80.0,0.0,0.48,2.08,2.68,0.41,0.02,0.3,1.38,7.61,0.0,28.4,1,-1.5559492801960018,-0.14409551831894687,"[('parking_density', -23.92), ('bench_density', -5.33), ('healthcare_density', -2.16)]"
"Frankfurt, Indonesia",2237006,87.5,0.0,0.0,0.32,1.18,1.47,0.55,0.01,2.74,2.72,36.0,16.0,33.3,1,-1.4862047804412655,-0.08866436479995779,"[('parking_density', -10.44), ('bench_density', -6.11), ('healthcare_density', -2.13)]"
"Nice, France",357737,87.14,75.0,88.24,2.98,2.75,19.1,1.27,0.14,10.56,14.25,75.0,13.61,95.7,1,-0.4465551240913819,0.5002493823884467,"[('parking_density', 14.46), ('bench_density', -0.89), ('essential_density', 0.69)]"
"Fukuoka, Japan",1603043,59.09,80.0,100.0,3.42,5.18,4.25,3.22,0.44,11.92,3.27,8.07,0.0,55.0,2,0.8387408477856305,0.06103270185646843,"[('parking_density', 14.29), ('bench_density', 3.18), ('essential_density', 0.85)]"
"Abu Dhabi, United Arab Emirates",1570000,86.67,100.0,100.0,1.14,4.22,3.12,0.87,0.14,12.17,4.32,10.1,0.0,58.7,0,-0.5096474116001941,0.8286875747223456,"[('parking_density', 11.9), ('bench_density', -9.0), ('healthcare_density', -2.44)]"
"Jeju, South Korea",698358,75.0,100.0,0.0,5.32,3.45,8.23,0.94,0.08,19.1,0.94,36.73,4.08,53.1,0,0.012047100979982926,1.4745776378428035,"[('parking_density', 13.64), ('bench_density', -9.69), ('healthcare_density', 0.4)]"
"Porto, Portugal",273979,63.29,91.18,91.18,4.47,3.74,19.1,1.88,0.17,19.1,11.34,14.6,2.0,70.5,0,0.4389542014980609,1.0885814633493434,"[('parking_density', 16.76), ('bench_density', 2.01), ('essential_density', 0.75)]"
"Rio de Janeiro, Brazil",11900000,75.0,73.08,100.0,2.62,1.5,5.46,1.99,0.03,4.92,5.06,24.47,0.0,56.7,1,-0.5270268550420044,-0.3556236028742209,"[('parking_density', -10.73), ('bench_density', 2.47), ('essential_density', -1.21)]"
"Bangalore, India",12327000,36.84,70.83,20.0,4.91,2.94,7.46,2.49,0.11,3.73,6.07,26.32,5.26,40.8,2,-0.04616904419349472,-0.4240712068680593,"[('parking_density', -11.21), ('bench_density', 2.86), ('healthcare_density', 0.31)]"
"Dublin, Ireland",592713,74.21,85.37,91.3,6.88,5.3,19.1,3.31,0.17,19.1,27.61,60.59,8.87,89.5,4,1.436915176842007,0.7618791374760446,"[('parking_density', 17.45), ('bench_density', 3.86), ('healthcare_density', 2.55)]"
"Munich, Germany",1510378,59.9,71.3,82.98,12.65,4.33,12.65,4.22,0.43,12.65,51.96,68.44,48.05,100.0,4,1.8111749706163724,0.06459296382131134,"[('parking_density', 17.01), ('bench_density', 4.02), ('healthcare_density', 2.75)]"
"Jakarta, Indonesia",11135191,82.14,81.82,0.0,5.84,2.97,7.46,2.32,0.08,3.9,3.69,56.39,21.05,64.1,2,-0.05935185568440421,-0.29898521848329845,"[('parking_density', -11.04), ('bench_density', 2.83), ('healthcare_density', 0.71)]"
