city,population,dining_access_rate,hotel_access_rate,attraction_access_rate,healthcare_density,essential_density,transit_density,bench_density,toilet_density,parking_density,tag_coverage_pct,pct_paved_streets,pct_good_smoothness
"Bangkok, Thailand",5676648,83.33,90.91,50.0,1.97,3.14,7.46,0.82,0.31,7.46,2.4,23.36,0.0
"London, United Kingdom",8799728,70.08,70.59,92.04,7.46,4.43,0.0,2.49,0.41,7.46,19.91,76.47,6.87
"Singapore, Singapore",5866139,77.78,87.18,93.06,2.96,3.16,7.46,1.59,0.17,7.46,13.46,58.37,13.5
"Paris, France",2103778,62.03,69.28,78.12,9.08,6.21,0.0,3.03,0.61,3.03,23.05,61.0,27.47
"Dubai, United Arab Emirates",3944751,100.0,100.0,94.12,1.65,3.53,2.47,0.36,0.09,7.46,16.24,57.35,0.0
"New York City, United States",8804190,80.0,95.92,97.96,7.46,4.5,7.46,2.49,0.51,7.46,15.8,81.53,2.2
"Kuala Lumpur, Malaysia",9000280,85.71,93.75,0.0,4.24,4.06,7.46,0.98,0.12,7.46,2.05,26.88,1.58
"Istanbul, Turkey",15655924,71.43,68.97,66.67,7.46,5.0,7.46,2.49,0.11,6.02,4.51,28.99,6.06
"Delhi, India",26495000,26.26,40.0,100.0,1.95,1.33,6.65,2.49,0.23,1.53,11.48,30.46,12.64
"Antalya, Turkey",2426356,78.95,54.55,100.0,2.41,3.22,3.79,2.62,0.03,2.42,4.84,43.06,4.17
"Los Angeles, United States",3898747,96.15,100.0,100.0,0.98,1.3,7.46,0.92,0.11,7.46,4.16,17.91,0.45
"Shenzhen, China",17494398,80.0,100.0,66.67,0.37,0.54,7.46,1.01,0.17,4.27,1.63,11.95,3.1
"Mumbai, India",15414288,36.36,66.67,0.0,2.28,0.91,4.71,1.97,0.11,1.87,2.33,19.64,0.0
"Phuket, Thailand",77610,40.0,33.33,0.0,0.61,1.31,0.6,0.27,0.1,1.5,4.29,7.69,0.0
"Rome, Italy",2748109,79.49,70.0,84.85,3.04,4.05,7.46,2.49,0.07,7.46,8.52,24.87,3.87
"Tokyo, Japan",14264798,55.17,93.94,89.29,7.46,5.18,7.46,2.49,1.6,7.46,14.8,33.33,3.07
"Pattaya, Thailand",119532,50.0,88.24,0.0,3.34,5.39,0.39,0.2,0.32,4.52,3.39,45.45,0.0
"Taipei, Taiwan",2442991,66.1,80.74,72.55,7.82,4.6,0.0,2.61,0.89,,16.07,36.69,1.3
"Guangzhou, China",18676605,66.67,81.82,50.0,0.99,1.67,7.46,1.08,0.07,2.66,3.8,8.57,0.0
"Prague, Czech Republic",1397880,48.33,67.01,62.5,4.56,6.34,13.67,4.36,0.29,13.67,13.82,39.32,19.54
"Medina, Saudi Arabia",1411599,0.0,100.0,100.0,0.4,0.8,0.17,0.29,0.34,1.34,0.84,10.73,0.38
"Seoul, South Korea",9668465,100.0,100.0,100.0,4.38,4.76,7.46,2.49,0.33,7.46,1.63,13.96,0.45
"Amsterdam, Netherlands",921468,66.14,54.25,88.43,4.97,5.17,19.1,2.34,0.13,19.1,30.7,71.2,10.53
"Agra, India",1585705,100.0,100.0,100.0,0.31,0.35,0.31,1.42,0.0,0.1,1.39,0.0,0.0
"Miami, United States",442241,100.0,100.0,100.0,0.64,0.6,12.92,0.83,0.01,9.47,2.27,29.41,0.0
"Osaka, Japan",2751862,53.85,94.87,87.5,7.46,5.02,7.46,2.49,1.04,7.46,4.48,27.27,0.17
"Las Vegas, United States",641903,100.0,100.0,0.0,0.78,1.12,9.37,0.79,0.14,19.1,5.0,72.22,2.78
"Shanghai, China",24870895,66.67,76.92,57.14,1.46,3.43,7.46,1.75,0.16,2.47,9.07,17.21,0.0
"Ho Chi Minh City, Vietnam",14002598,31.67,57.14,0.0,1.9,3.58,7.46,2.23,0.06,1.36,6.03,14.19,0.0
"Barcelona, Spain",1731649,73.44,92.44,85.71,9.52,7.44,11.03,3.68,0.1,11.03,12.67,64.07,8.6
"Cairo, Egypt",9801536,75.0,52.38,0.0,1.15,1.43,0.8,0.57,0.02,0.82,4.78,1.91,0.0
"Milan, Italy",1354196,61.7,72.22,91.18,6.8,6.49,14.11,4.7,0.08,14.11,17.87,45.53,8.47
"Chennai, India",6599000,46.15,100.0,0.0,3.9,0.73,2.81,0.96,0.06,0.57,2.4,2.6,0.0
"Vienna, Austria",2028289,53.02,81.61,84.29,9.42,5.27,3.14,3.14,0.78,9.42,31.21,71.12,30.04
"Johor Bahru, Malaysia",797882,88.89,0.0,0.0,0.85,1.36,6.54,0.71,0.03,5.08,1.92,34.62,0.0
"Jaipur, India",3073350,0.0,66.67,0.0,2.07,0.19,1.39,0.96,0.03,0.45,2.29,6.98,2.33
"Cancun, Mexico",888797,65.85,72.73,0.0,0.76,1.55,1.13,4.34,0.0,1.43,26.67,6.9,0.0
"Berlin, Germany",3782202,63.74,73.84,77.06,7.46,5.01,0.0,2.49,1.05,7.46,53.94,64.94,42.64
"Athens, Greece",643452,39.81,50.79,64.71,15.95,12.16,19.1,6.37,0.11,10.06,17.17,51.44,4.42
"Orlando, United States",334854,92.31,100.0,100.0,0.61,0.52,7.58,1.06,0.03,7.04,12.0,0.0,0.0
"Moscow, Russia",13274285,31.48,34.48,46.43,7.46,5.03,7.46,2.34,0.65,7.46,6.24,72.76,31.34
"Venice, Italy",250369,75.0,44.93,50.0,0.64,0.93,4.41,0.55,0.11,1.53,20.81,47.6,3.13
"Madrid, Spain",3332035,54.81,92.11,78.33,7.46,5.02,7.46,2.49,0.15,7.46,17.8,56.13,14.67
"Riyadh, Saudi Arabia",7009100,100.0,100.0,0.0,0.28,0.44,1.31,0.43,0.0,2.08,2.43,6.25,0.0
"Florence, Italy",360930,63.96,55.13,68.18,2.3,2.22,15.1,4.39,0.13,8.43,21.08,52.42,8.94
"Jerusalem, Israel",1050151,55.56,66.67,75.0,0.9,2.34,18.19,6.06,0.08,6.36,4.05,19.59,0.0
"Hanoi, Vietnam",8717600,60.0,50.0,0.0,2.06,3.34,6.63,1.55,0.17,3.34,0.86,47.26,1.91
"Toronto, Canada",2794356,70.59,85.0,85.71,6.39,3.61,7.46,2.49,0.24,7.46,12.45,67.2,1.79
"Johannesburg, South Africa",4949347,100.0,100.0,0.0,0.5,0.77,0.9,0.91,0.05,2.37,2.94,46.0,0.0
"Sydney, Australia",5450496,89.36,95.65,62.96,3.11,2.67,7.46,2.49,0.82,7.46,6.57,65.8,6.98
"Beijing, China",21893095,58.33,92.31,92.86,1.1,2.29,7.46,1.86,0.31,3.46,3.14,10.05,0.34
"Saint Petersburg, Russia",5652922,26.98,51.16,98.59,7.46,5.01,7.46,2.49,0.5,7.46,14.06,61.36,9.09
"Brussels, Belgium",195546,44.68,69.57,88.89,8.15,9.0,19.1,5.77,0.17,19.1,11.97,55.93,11.47
"Budapest, Hungary",1685209,54.67,82.09,69.52,6.61,5.86,11.34,3.78,0.42,11.34,21.8,74.34,36.05
"Lima, Peru",9943800,96.43,70.18,86.84,4.37,3.23,5.0,2.49,0.12,7.46,12.12,20.53,0.15
"Lisbon, Portugal",545796,64.71,91.07,73.68,6.58,7.33,19.1,1.86,0.19,19.1,8.0,17.48,3.65
"Dammam, Saudi Arabia",903312,0.0,100.0,0.0,0.1,1.11,0.17,0.43,0.0,1.07,1.72,0.0,0.0
"Penang, Malaysia",794313,0.0,0.0,33.33,0.29,0.38,1.44,0.33,0.09,1.25,4.0,,
"Heraklion, Greece",145440,79.37,50.0,77.78,0.84,1.08,5.22,1.15,0.03,3.58,43.72,62.73,8.7
"Kyoto, Japan",1463723,71.43,88.46,66.67,3.94,5.69,13.05,3.09,1.71,13.05,3.19,30.63,3.04
"Zhuhai, China",2439585,0.0,0.0,0.0,0.28,0.41,3.95,0.76,0.07,7.83,0.0,4.94,0.0
"Vancouver, Canada",662248,86.81,93.55,90.0,7.72,3.06,15.65,2.46,0.14,19.1,14.78,56.15,11.07
"Chiang Mai, Thailand",1198000,48.39,62.07,75.0,0.91,4.2,1.92,0.81,0.34,15.95,5.97,61.9,4.76
"Copenhagen, Denmark",667099,50.81,68.18,78.26,2.52,6.32,18.26,6.37,0.89,19.1,21.72,65.32,18.01
"San Francisco, United States",873965,94.93,86.27,75.0,3.65,4.09,19.1,2.46,0.41,19.1,16.2,56.37,0.64
"Melbourne, Australia",5350705,70.67,94.29,72.73,3.96,2.65,7.46,2.49,0.44,7.46,10.43,63.27,0.54
"Warsaw, Poland",1862402,75.44,92.0,93.44,10.11,5.24,10.26,1.76,0.35,10.26,29.21,53.51,24.8
"Marrakesh, Morocco",1002697,81.82,47.62,80.0,3.37,0.95,3.8,0.83,0.01,2.21,4.47,22.22,2.02
"Kolkata, India",4496694,42.86,9.09,100.0,2.15,0.24,2.96,2.49,0.01,0.19,8.29,8.57,0.0
"Cebu City, Philippines",965332,71.43,83.33,0.0,2.23,3.51,4.04,1.57,0.04,7.21,2.0,14.55,0.0
"Auckland, New Zealand",1470100,90.2,90.0,80.0,3.21,2.29,10.62,3.06,0.75,12.99,7.19,52.38,2.51
"Tel Aviv, Israel",467875,90.91,92.31,100.0,1.53,3.83,15.06,6.21,0.29,10.52,8.42,38.94,2.74
"Guilin, China",5085500,0.0,0.0,0.0,0.13,0.08,1.42,0.28,0.04,0.41,0.0,4.81,0.0
"Honolulu, United States",350964,91.43,95.45,100.0,0.69,1.4,11.62,1.09,0.34,19.1,9.53,29.63,0.0
"Hurghada, Egypt",214247,78.95,100.0,0.0,0.53,0.74,0.1,0.11,0.01,0.2,7.3,66.67,62.96
"Krakow, Poland",804237,57.73,76.92,95.24,8.23,7.95,17.79,1.94,0.32,19.1,14.27,60.78,31.05
"Buenos Aires, Argentina",13985794,100.0,83.33,100.0,5.15,4.98,7.46,2.49,0.03,5.58,2.65,49.5,4.68
"Chiba, Japan",975014,12.5,50.0,0.0,2.56,2.6,6.28,5.78,0.23,4.97,2.49,3.7,0.0
"Frankfurt, Germany",775790,54.58,67.63,86.15,6.94,3.81,19.1,4.62,0.22,19.1,53.85,58.74,30.3
"Stockholm, Sweden",984748,74.26,87.5,100.0,4.01,3.53,17.94,6.37,0.33,19.1,12.28,46.14,17.74
"Da Nang, Vietnam",2819900,60.0,80.0,0.0,0.48,2.08,2.68,0.41,0.02,0.3,1.38,7.61,0.0
"Frankfurt, Indonesia",2237006,87.5,0.0,0.0,0.32,1.18,1.47,0.55,0.01,2.74,2.72,36.0,16.0
"Nice, France",357737,87.14,75.0,88.24,2.98,2.75,19.1,1.27,0.14,10.56,14.25,75.0,13.61
"Fukuoka, Japan",1603043,59.09,80.0,100.0,3.42,5.18,4.25,3.22,0.44,11.92,3.27,8.07,0.0
"Abu Dhabi, United Arab Emirates",1570000,86.67,100.0,100.0,1.14,4.22,3.12,0.87,0.14,12.17,4.32,10.1,0.0
"Jeju, South Korea",698358,75.0,100.0,0.0,5.32,3.45,8.23,0.94,0.08,19.1,0.94,36.73,4.08
"Porto, Portugal",273979,63.29,91.18,91.18,4.47,3.74,19.1,1.88,0.17,19.1,11.34,14.6,2.0
"Rio de Janeiro, Brazil",11900000,75.0,73.08,100.0,2.62,1.5,5.46,1.99,0.03,4.92,5.06,24.47,0.0
"Bangalore, India",12327000,36.84,70.83,20.0,4.91,2.94,7.46,2.49,0.11,3.73,6.07,26.32,5.26
"Dublin, Ireland",592713,74.21,85.37,91.3,6.88,5.3,19.1,3.31,0.17,19.1,27.61,60.59,8.87
"Munich, Germany",1510378,59.9,71.3,82.98,12.65,4.33,12.65,4.22,0.43,12.65,51.96,68.44,48.05
"Jakarta, Indonesia",11135191,82.14,81.82,0.0,5.84,2.97,7.46,2.32,0.08,3.9,3.69,56.39,21.05
